iter	RMSE
0	0.4751013238
50	0.3271143914
100	0.3004028832
150	0.2829236888
